{
	"rules": {
		"adjacent-overload-signatures": true,
		"align": {
			"options": [
				"parameters",
				"statements"
			]
		},
		"array-type": {
			"options": ["array"]
		},
		"arrow-parens": true,
		"arrow-return-shorthand": true,
		"ban-types": {
			"options": [
				["Object", "Avoid using the `Object` type. Did you mean `object`?"],
				["Function", "Avoid using the `Function` type. Prefer a specific function type, like `() => void`."],
				["Boolean", "Avoid using the `Boolean` type. Did you mean `boolean`?"],
				["Number", "Avoid using the `Number` type. Did you mean `number`?"],
				["String", "Avoid using the `String` type. Did you mean `string`?"],
				["Symbol", "Avoid using the `Symbol` type. Did you mean `symbol`?"]
			]
		},
		"callable-types": true,
		"class-name": false,
		"comment-format": false,
		"completed-docs": false,
		"curly": true,
		"cyclomatic-complexity": false,
		"eofline": true,
		"file-header": [true, "velocity-animate \\(C\\) 2014"],
		"forin": true,
		"import-spacing": true,
		"indent": {
			"options": ["tabs"]
		},
		"interface-name": false,
		"interface-over-type-literal": true,
		"jsdoc-format": true,
		"label-position": true,
		"max-classes-per-file": {
			"options": [1]
		},
		"max-line-length": {
			"options": [180]
		},
		"member-access": [true, "no-public"],
		"member-ordering": {
			"options": {
				"order": "statics-first"
			}
		},
		"new-parens": true,
		"newline-before-return": true,
		"newline-per-chained-call": true,
		"no-angle-bracket-type-assertion": true,
		"no-any": false,
		"no-arg": true,
		"no-bitwise": true,
		"no-conditional-assignment": true,
		"no-consecutive-blank-lines": true,
		"no-console": false,
		"no-construct": true,
		"no-debugger": false,
		"no-default-export": true,
		"no-duplicate-super": true,
		"no-empty": true,
		"no-empty-interface": false,
		"no-eval": true,
		"no-internal-module": true,
		"no-invalid-this": true,
		"no-misused-new": true,
		"no-namespace": false,
		"no-parameter-properties": false,
		"no-redundant-jsdoc": false,
		"no-reference": true,
		"no-reference-import": true,
		"no-require-imports": true,
		"no-shadowed-variable": true,
		"no-string-literal": false,
		"no-string-throw": true,
		"no-switch-case-fall-through": false,
		"no-trailing-whitespace": true,
		"no-unnecessary-initializer": true,
		"no-unsafe-finally": true,
		"no-unused-expression": true,
		"no-use-before-declare": false,
		"no-var-keyword": true,
		"no-var-requires": true,
		"number-literal-format": true,
		"object-literal-key-quotes": {
			"options": ["consistent-as-needed"]
		},
		"object-literal-shorthand": true,
		"object-literal-sort-keys": false,
		"one-line": true,
		"one-variable-per-declaration": false,
		"only-arrow-functions": {
			"options": [
				"allow-declarations",
				"allow-named-functions"
			]
		},
		"ordered-imports": {
			"options": {
				"import-sources-order": "case-insensitive",
				"module-source-path": "full",
				"named-imports-order": "case-insensitive"
			}
		},
		"prefer-const": true,
		"prefer-for-of": true,
		"prefer-switch": [true, {
				"min-cases": 2
			}],
		"prefer-template": [true, "allow-single-concat"],
		"quotemark": {
			"options": [
				"double",
				"avoid-escape"
			]
		},
		"radix": true,
		"semicolon": {
			"options": ["always"]
		},
		"space-before-function-paren": {
			"options": {
				"anonymous": "never",
				"asyncArrow": "always",
				"constructor": "never",
				"method": "never",
				"named": "never"
			}
		},
		"switch-final-break": [true, "always"],
		"trailing-comma": {
			"options": {
				"multiline": "always",
				"singleline": "never"
			}
		},
		"triple-equals": {
			"options": ["allow-null-check"]
		},
		"type-literal-delimiter": true,
		"typedef": false,
		"typedef-whitespace": {
			"options": [
				{
					"call-signature": "nospace",
					"index-signature": "nospace",
					"parameter": "nospace",
					"property-declaration": "nospace",
					"variable-declaration": "nospace"
				},
				{
					"call-signature": "onespace",
					"index-signature": "onespace",
					"parameter": "onespace",
					"property-declaration": "onespace",
					"variable-declaration": "onespace"
				}
			]
		},
		"unified-signatures": false,
		"use-isnan": true,
		"variable-name": {
			"options": [
				"ban-keywords",
				"check-format",
				"allow-pascal-case"
			]
		},
		"whitespace": {
			"options": [
				"check-branch",
				"check-decl",
				"check-operator",
				"check-separator",
				"check-type",
				"check-typecast"
			]
		}
	}
}